event,empirical_probability,fair_die_probability,difference_from_fair
even,0.534,0.5,0.03400000000000003
at least 5,0.334,0.3333333333333333,0.0006666666666667043
equal to 6,0.176,0.16666666666666666,0.009333333333333332
