roll,frequency,relative_frequency,fair_die_probability,difference_from_fair
1,157,0.157,0.16666666666666666,-0.009666666666666657
2,174,0.174,0.16666666666666666,0.007333333333333331
3,151,0.151,0.16666666666666666,-0.015666666666666662
4,184,0.184,0.16666666666666666,0.01733333333333334
5,158,0.158,0.16666666666666666,-0.008666666666666656
6,176,0.176,0.16666666666666666,0.009333333333333332
