channel,frequency,relative_frequency
mobile_app,225,0.375
phone,91,0.15166666666666667
website,284,0.47333333333333333
