quantity,value
P(T),0.42857142857142855
P(T^c),0.5714285714285714
P(S),0.7142857142857143
P(T ∩ S),0.2571428571428571
P(T^c ∩ S),0.45714285714285713
P(T ∪ S),0.8857142857142857
P(T^c ∪ S),0.8285714285714285
P(S | T),0.6
P(S | T^c),0.8
