quantity,value
P(W),0.6
P(Q),0.6666666666666666
P(Q | W),0.8
P(W | Q),0.72
P(Q | W^c),0.4666666666666667
P(W | Q^c),0.36
P(Q | W) - P(Q | W^c),0.33333333333333337
