quantity,value
P(F),0.01
P(F^c),0.99
P(S | F),0.98
P(S | F^c),0.03
P(S),0.03949999999999999
P(F | S),0.24810126582278486
P(F^c | S),0.7518987341772152
