quantity,value
P(C),0.055999999999999994
P(W | C),0.3571428571428572
P(A | C),0.375
P(H | C),0.26785714285714285
