quantity,value
P(A),0.6
P(B),0.7
P(A ∩ B),0.48
P(A ∪ B),0.8199999999999998
P(A | B),0.6857142857142857
P(B | A),0.8
P(A)P(B),0.42
