quantity,value
P(A),0.65
P(B),0.45
P(A ∩ B),0.3
P(A) + P(B),1.1
P(A ∪ B),0.8
P(A | B),0.6666666666666666
P(B | A),0.46153846153846156
